cf_type,addr,target
2,7f9a15751fc1,0
2,7f9a15751fcf,7f9a15752000
2,7f9a15751faf,0
2,7f9a15759012,0
2,7f9a1575901f,0
7,7f9a15758c4d,7f9a15755e65
7,7f9a15758c70,7f9a15755a1d
2,7f9a15759066,0
2,7f9a15759029,0
2,7f9a15759082,0
2,7f9a1575908d,0
7,7f9a14578de0,7f9a148cd335
2,7f9a15758c62,7f9a15758c70
7,7f9a1575902b,7f9a15755ec1
7,7f9a1575908f,7f9a15755a11
7,7f9a157591ac,7f9a157537df
2,7f9a157536d0,7f9a157536e8
2,7f9a15753edd,0
2,7f9a157536c3,0
2,7f9a15753ecf,0
2,7f9a157536b4,0
2,7f9a15753ef1,7f9a15753f09
2,7f9a157536b8,0
2,7f9a15753f0f,0
7,7f9a14572bdf,7f9a1452e53e
3,7f9a157537da,7f9a15759190
2,7f9a157537ce,7f9a157537e6
2,7f9a157537b4,0
7,7f9a14572bbf,7f9a148c49f3
2,7f9a157537b8,0
7,7f9a1575204e,7f9a1485723e
8,7f9a157591a8,7f9a157591aa
7,7f9a157536ec,7f9a15755cef
7,7f9a15753f28,7f9a157558bf
7,7f9a157537ea,7f9a144ab546
2,7f9a15752012,7f9a1575202a
2,7f9a15752030,0
3,7f9a15755a18,0
3,7f9a15755a0c,0
2,7f9a15755e0f,0
2,7f9a15755e75,0
2,7f9a15755a33,0
1,7f9a15755a3d,0
2,7f9a15755e21,0
3,7f9a15755e60,7f9a15758c30
2,7f9a15755e69,0
1,7f9a15755ed7,0
2,7f9a15755edf,0
3,7f9a15755e85,7f9a1574d970
2,7f9a15755e8c,0
3,7f9a15755ef4,7f9a15758c50
2,7f9a15755eb6,0
3,7f9a15755ebc,7f9a15759000
3,7f9a15755ee8,7f9a15759060
2,7f9a15755ea8,7f9a15756110
1,7f9a15755f14,7f9a15755d3f
2,7f9a15755f0a,0
2,7f9a15755c7c,0
2,7f9a1575587c,0
2,7f9a15755878,0
2,7f9a1575589f,0
2,7f9a157558d9,0
2,7f9a15755cc3,7f9a15755dd0
2,7f9a1575588b,0
2,7f9a15755cf7,0
2,7f9a157558b1,0
3,7f9a157558ba,0
3,7f9a15755cea,7f9a157536a0
2,7f9a15755d54,0
2,7f9a15755d45,7f9a15755e00
2,7f9a15755d41,0
2,7f9a15755d69,7f9a15755d7f
3,7f9a15755d98,7f9a15753ec0
2,7f9a15755d8f,0
2,7f9a15755db5,0
1,7f9a15755df0,7f9a15755ce1
2,7f9a157559fe,0
8,7f9a1575641a,7f9a1575641c
7,7f9a157558f0,0
7,7f9a15755dcc,7f9a1484ccf7
2,7f9a14ff7632,7f9a14ff76c4
8,7f9a15755ed7,7f9a15755ed9
2,7f9a14ff76fd,0
2,7f9a14ff7735,7f9a14ff7703
7,7f9a1575633a,7f9a14857278
2,7f9a15757052,0
2,7f9a14ff7471,7f9a14ff75b6
2,7f9a15757033,0
2,7f9a14ff7467,0
2,7f9a15757068,0
2,7f9a14ff75c3,0
2,7f9a14ff75bd,7f9a14ff762f
2,7f9a15756259,0
7,7f9a14ff760b,7f9a148c4877
2,7f9a15756278,0
2,7f9a15756268,7f9a15756340
2,7f9a157562df,7f9a15756440
2,7f9a15756287,0
2,7f9a157562a7,0
1,7f9a1575634b,7f9a1575626e
7,7f9a14ff774a,7f9a148c4877
2,7f9a157563cc,0
2,7f9a1575638a,0
2,7f9a157563b5,7f9a157563be
2,7f9a157563fd,0
2,7f9a15756405,0
2,7f9a15756465,0
2,7f9a15756422,7f9a1575632a
2,7f9a15756469,7f9a15756350
7,7f9a1575706a,7f9a148d063c
1,7f9a15756125,7f9a15755eb3
2,7f9a1446d48a,7f9a1446d49d
7,7f9a1446d49e,7f9a1480cfab
4,7f9a1574d970,7f9a1506ce80
2,7f9a145472e3,0
2,7f9a14547305,7f9a14547368
2,7f9a14547390,7f9a145473d6
7,7f9a145473f3,7f9a14538ed4
1,7f9a14538ed7,7f9a14538d67
2,7f9a14538ec3,7f9a14538d2e
3,7f9a14538ecf,7f9a145472e0
3,7f9a14538ebc,7f9a148d0260
2,7f9a14538cc1,7f9a14538d50
1,7f9a14538d45,7f9a14529e80
2,7f9a14538d61,7f9a14538ea8
2,7f9a14538d86,7f9a14538da0
2,7f9a14538d82,0
2,7f9a14538da3,7f9a14538d2e
7,7f9a1471ca09,7f9a149851c9
2,7f9a14529edc,0
2,7f9a14529ee5,7f9a14529ff5
2,7f9a14529ea8,0
2,7f9a14529f1b,0
2,7f9a14529f47,0
2,7f9a14529f42,7f9a14529f30
2,7f9a14529f33,7f9a14529fe0
2,7f9a14529f7f,0
1,7f9a14529f28,7f9a14529f39
2,7f9a14529f6b,7f9a1452a150
2,7f9a14529fd2,7f9a14529f39
2,7f9a14529f8c,0
2,7f9a14529fa3,7f9a14529fc7
2,7f9a14529fe3,7f9a14529ff5
1,7f9a14529fe9,7f9a14529f08
2,7ffdc2d0d98a,0
1,7ffdc2d0dc4f,7ffdc2d0db16
3,7f9a144ab3f5,0
2,7f9a144ab3fc,0
3,7ffdc2d0dc2b,7ffdc2d0d970
2,7f9a144ab3eb,0
7,7f9a1452a003,7f9a148c4ec2
2,7f9a144ab437,0
3,7f9a144ab430,0
2,7f9a144ab47d,0
2,7f9a144ab465,0
2,7f9a144ab426,0
1,7ffdc2d0dbf8,7ffdc2d0db46
2,7ffdc2d0db52,7ffdc2d0da98
2,7ffdc2d0db1f,0
2,7ffdc2d0db2d,7ffdc2d0dbf6
3,7f9a144ab541,7f9a1480cc80
2,7ffdc2d0dad9,0
2,7f9a144ab53c,0
2,7f9a144ab57b,0
2,7f9a144ab567,0
3,7f9a144ab560,0
2,7f9a144ab52f,0
2,7ffdc2d0dafe,7ffdc2d0dc27
2,7f9a144ab598,7f9a144ab52c
2,7ffdc2d0da5f,7ffdc2d0dad2
7,7ffdc2d0d98d,7ffdc2d0dc30
1,7f9a1452a201,7f9a14529f30
7,7f9a144ab557,0
2,7f9a1452a173,7f9a1452a1e7
7,7ffdc2d0daac,7f9a1506cea6
2,7f9a144ad255,0
5,7f9a144ad265,0
5,7f9a144ad283,0
1,7f9a1452c6a8,7f9a14572bb0
7,7f9a144ad7f8,7f9a148d0648
7,7f9a1452e5e6,7f9a148c4ec2
2,7f9a1452e6dd,7f9a1452e728
2,7f9a1452e681,0
1,7f9a1452e6ad,7f9a1452e560
1,7f9a1452e744,7f9a1452e560
1,7f9a1452e554,0
3,7f9a1452e517,0
2,7f9a1452e547,0
2,7f9a1452e533,0
2,7f9a1452e573,0
3,7f9a1452e539,0
2,7f9a1452e567,0
2,7f9a1452e56e,0
2,7f9a1452e592,7f9a1452e6b8
2,7f9a1452e5b5,7f9a1452e670
2,7f9a1452e5a5,0
2,7f9a141d9e54,0
5,7f9a148d0642,7f9a144ad7f0
2,7f9a141d9e43,7f9a141d9e4f
7,7f9a148d02ca,7f9a14538ec1
5,7f9a148d041a,7f9a148cd320
4,7f9a148d0518,7f9a148d05c5
1,7f9a148d065e,7f9a148d0500
7,7f9a141d9e5b,7f9a148d06c2
2,7f9a148d0277,0
3,7f9a148d0637,7f9a140ef258
2,7f9a148d067b,0
2,7f9a148d0294,0
2,7f9a148d06d0,7f9a148d074a
2,7f9a148d029a,7f9a148d02d8
2,7f9a148d0687,0
3,7f9a148d06bd,7f9a141d9e30
2,7f9a148d02f8,0
2,7f9a148d06a0,0
2,7f9a148d02e3,0
1,7f9a148d06ec,7f9a148d03c4
2,7f9a148d02eb,0
2,7f9a148d0754,7f9a148d07a0
1,7f9a148d075e,7f9a148d06e9
2,7f9a148d0359,7f9a148d0408
2,7f9a148d030a,7f9a148d0355
3,7f9a148d0368,7f9a140ef258
1,7f9a148d079b,7f9a148d06a6
2,7f9a148d0785,0
2,7f9a148d03c8,7f9a148d03ed
1,7f9a148d07bc,7f9a148d0759
1,7f9a148d03fd,7f9a148d02ba
2,7f9a148d03a1,7f9a148d0430
2,7f9a148d07a3,0
2,7f9a148d041e,0
2,7f9a148d043e,7f9a148d0460
2,7f9a148d0464,7f9a148d04d0
1,7f9a148d0424,7f9a148d02b8
2,7f9a148d04d6,7f9a148d061e
2,7f9a148d0504,0
2,7f9a148d0549,7f9a148d0679
2,7f9a148d0531,0
1,7f9a148d05d2,7f9a148d052e
2,7f9a14857254,7f9a14857270
2,7f9a1485721d,7f9a14857228
2,7f9a14857243,0
3,7f9a14857273,7f9a140ee868
1,7f9a1485727f,7f9a140eed38
3,7f9a14857239,7f9a140ef328
7,7f9a14856ff5,0
1,7f9a148570d6,0
3,7f9a148570c5,0
2,7f9a148570cf,0
2,7f9a148570b0,0
2,7f9a14857159,0
2,7f9a14857132,0
2,7f9a14857161,0
2,7f9a1485716d,0
2,7f9a1485716f,7f9a148571c8
2,7f9a14857169,0
1,7f9a148571d2,7f9a1484cb40
2,7f9a14856feb,0
7,7f9a148c8d9c,7f9a144ad267
2,7f9a148c8a55,7f9a148c8866
2,7f9a148c8a5d,7f9a148c8866
1,7f9a148c8a2e,7f9a148c8840
3,7f9a148c8a29,7f9a148c3cb0
2,7f9a148c8ad7,7f9a148c8876
2,7f9a148c8ac4,7f9a148c899f
2,7f9a148c8a83,7f9a148c8a92
2,7f9a148c8ab4,0
2,7f9a148c8af1,7f9a148c8840
2,7f9a148c8aa5,7f9a148c8ab1
3,7f9a148c8aea,7f9a14985040
3,7f9a148c87ce,0
2,7f9a148c87f5,0
3,7f9a148c87ba,0
2,7f9a148c87e0,0
2,7f9a148c8851,0
2,7f9a148c8c1e,7f9a148c8c89
1,7f9a148c885a,7f9a148c8876
1,7f9a148c8c46,7f9a148c8c9c
2,7f9a148c8870,7f9a148c8ae0
2,7f9a148c8879,0
2,7f9a148c8c39,0
2,7f9a148c8c2d,0
2,7f9a148c8890,7f9a148c8880
2,7f9a148c8cd9,0
3,7f9a148c889b,7f9a14984f90
3,7f9a148c8883,7f9a14984f90
3,7f9a148c8c8d,7f9a148c4810
2,7f9a148c8cc8,0
2,7f9a148c88b5,7f9a148c8898
2,7f9a148c8cb1,7f9a148c8a20
2,7f9a148c8ce2,0
2,7f9a148c8957,7f9a148c8966
2,7f9a148c8907,7f9a148c8a38
1,7f9a148c8d0f,7f9a148c8840
3,7f9a148c8d0a,7f9a148c3cb0
2,7f9a148c8931,7f9a148c8866
2,7f9a148c8978,7f9a148c8985
2,7f9a148c8929,0
2,7f9a148c8999,7f9a148c8aca
2,7f9a148c8989,0
2,7f9a148c89a5,0
2,7f9a148c89af,7f9a148c8bf7
2,7f9a148c36f2,0
2,7f9a148c3700,0
2,7f9a148c3f03,0
2,7f9a148c3749,0
2,7f9a148c3f71,7f9a148c4220
2,7f9a148c3731,7f9a148c38b0
2,7f9a148c3f3d,0
2,7f9a148c3f7b,0
2,7f9a148c3f66,7f9a148c4220
2,7f9a148c3f21,7f9a148c424f
7,7f9a148c2bd8,7f9a148c5008
2,7f9a148c3f85,7f9a148c42d0
3,7f9a148c380c,0
7,7f9a148c2c72,7f9a148c5050
7,7f9a148c2c9c,7f9a148c4d16
1,7f9a148c3cdf,7f9a148c3d7f
2,7f9a148c3cca,7f9a148c3cd4
7,7f9a148c2cbe,7f9a148c87bf
2,7f9a148c38e3,0
1,7f9a148c394c,0
2,7f9a148c3d82,7f9a148c3f00
2,7f9a148c2b68,7f9a148c2bd7
2,7f9a148c2b98,7f9a148c2be0
2,7f9a148c2c5f,0
7,7f9a148c381f,7f9a148c43d7
1,7f9a148c2c09,7f9a148c2bb0
2,7f9a148c2c90,0
2,7f9a148c2c8a,0
7,7f9a148c4287,7f9a148c8a2e
7,7f9a1506cecb,7f9a15755e8a
4,7f9a148c4a8a,7f9a148c4ce8
5,7f9a148c4ebc,7f9a14529e80
5,7f9a1506cea4,7ffdc2d0da30
3,7f9a148cd330,7f9a14578dd0
5,7f9a1484cbba,7f9a1506ce80
7,7f9a148c47e6,7f9a14985122
1,7f9a148c5452,0
7,7f9a148c485c,7f9a148c4458
2,7f9a148c545f,0
3,7f9a148c5003,7f9a148c2b60
3,7f9a148c504b,7f9a148c2c10
2,7f9a148c5077,0
2,7f9a148c507c,0
2,7f9a148c543e,0
2,7f9a148c502e,0
2,7f9a148c546f,0
2,7f9a148c546a,0
2,7f9a148c5095,0
2,7f9a148c548e,7f9a148c5500
1,7f9a148c50c9,7f9a148c484b
7,7f9a1484ccca,7f9a1480bcf4
2,7f9a148c508a,0
1,7f9a148c50a0,7f9a148c4a71
2,7f9a148c5523,7f9a148c5587
1,7f9a148c55a1,7f9a148c5458
5,7f9a148c49ed,7f9a1452c6a0
2,7f9a148c4241,7f9a148c4480
2,7f9a148c4a03,7f9a148c4978
2,7f9a148c4a74,7f9a148c4860
2,7f9a148c4273,0
2,7f9a148c4263,7f9a148c4270
2,7f9a148c4ede,0
1,7f9a148c4ec2,7f9a148c484b
2,7f9a148c42f6,7f9a148c4450
2,7f9a148c4efc,7f9a148c5000
2,7f9a1506cea2,0
2,7f9a1506ceac,7f9a1506cec5
2,7f9a148c4ead,7f9a148c484b
2,7f9a148c4315,0
2,7f9a1484cb57,0
7,7f9a148cd344,7f9a148d041c
2,7f9a148c4309,0
2,7f9a1436cb75,0
2,7f9a1436cb7e,0
2,7f9a148c4339,7f9a148c3f10
2,7f9a148c4f3a,7f9a148c4fb0
2,7f9a148c4f7a,7f9a148c4fe0
2,7f9a1484cbd5,7f9a1484cbe5
1,7f9a148c43d7,0
3,7f9a148c43d2,7f9a148c36d0
1,7f9a148c4fd3,7f9a148c4d41
2,7f9a148c47d3,7f9a148c47c0
2,7f9a1436cb9e,0
2,7f9a148c4799,0
2,7f9a1436cb8e,0
2,7f9a148c4bce,0
2,7f9a148c47ce,7f9a148c47e0
2,7f9a148c4bc8,7f9a148c4960
1,7f9a148c47b6,7f9a148c47d0
3,7f9a1484cbf0,7f9a140ef328
2,7f9a148c4fbe,0
2,7f9a1484cbfa,0
1,7f9a148c4ffb,7f9a148c4ea8
2,7f9a1436cba9,7f9a1436cc80
2,7f9a148c47a9,0
2,7f9a1484cbab,0
2,7f9a1484cc55,7f9a1484ccd0
5,7f9a148c5016,7f9a14809b90
3,7f9a148c4453,7f9a148c4810
2,7f9a1484cc1d,7f9a1484cc80
1,7f9a148c4c07,7f9a148c49f9
3,7f9a148c4872,7f9a140ef568
1,7f9a148c4462,7f9a148c4322
2,7f9a148c482e,7f9a148c4938
2,7f9a1484cc2a,7f9a1484cce8
2,7f9a148c4896,7f9a148c48a2
3,7f9a1484cc97,7f9a140eed38
1,7f9a1436cc92,7f9a1436cb68
2,7f9a1484ccda,7f9a1484cc18
2,7f9a148c449a,0
2,7f9a148c48c2,7f9a148c48e8
3,7f9a1436cc8d,7f9a1480cf40
2,7f9a148c448a,7f9a148c4496
3,7f9a1484ccf2,7f9a140ef3a8
2,7f9a148c48b2,7f9a148c4d38
7,7f9a148c54fc,7f9a148c3811
1,7f9a148c4cff,7f9a148c4880
1,7f9a1484ccfa,7f9a1484cc52
2,7f9a148c44a5,7f9a148c4247
2,7f9a1484ccae,0
2,7f9a148c48a8,0
1,7f9a148c44ab,7f9a148c3f77
2,7f9a148c48eb,7f9a148c4d08
2,7f9a148c4d56,7f9a148c4f78
2,7f9a148c4916,0
3,7f9a148c4d11,7f9a148c2c80
2,7f9a148c4d5e,0
2,7f9a148c4d18,7f9a148c4909
2,7f9a148c4944,7f9a148c4ba8
2,7f9a148c4972,0
2,7f9a148c4d3b,7f9a148c4f30
2,7f9a148c4926,7f9a148c4847
2,7f9a148c4963,7f9a148c49e0
2,7f9a148c4d94,0
1,7f9a148c49da,7f9a148c4a71
2,7f9a148c4d84,0
2,7f9a148c49c1,0
2,7f9a148c49cc,7f9a148c4ed0
2,7f9a148c4988,0
2,7f9a148c49b3,0
2,7f9a148c4dbc,7f9a148c50ad
2,7f9a148c49aa,0
4,7f9a140ee868,7f9a15756240
4,7f9a140eed38,7f9a157537a0
4,7f9a140ef258,7f9a15757030
4,7f9a140ef328,7f9a15751fa0
4,7f9a140ef3a8,7f9a15755c50
4,7f9a140ef568,7f9a14ff7460
2,7f9a149b3bc5,7f9a149b3d7b
2,7f9a149b3bb8,0
2,7f9a149b3ba2,7f9a149b3bae
7,7f9a149b3d89,7f9a1480bb82
1,7f9a14835a14,7f9a14835810
2,7f9a148357d8,0
2,7f9a148357ff,7f9a148358a3
2,7f9a14835817,7f9a148358a3
2,7f9a14835859,0
2,7f9a14835846,7f9a14835980
1,7f9a1483580c,7f9a1483581d
2,7f9a14835827,0
2,7f9a14835822,7f9a14835810
2,7f9a14835869,7f9a14835938
2,7f9a14835949,7f9a1483596d
1,7f9a14835975,7f9a14835810
7,7f9a149b4122,7f9a1480bb9b
2,7f9a148359a5,7f9a148359f8
2,7f9a149b4075,0
2,7f9a149b4063,7f9a149b406f
2,7f9a149b4083,7f9a149b4120
7,7f9a148358b1,7f9a148c4ec2
2,7f9a14809bd1,0
2,7f9a14809bdb,0
2,7f9a14809bc8,0
2,7f9a14809bb8,0
7,7f9a14809bde,7f9a148c501c
3,7f9a1480bb7d,7f9a149b3b80
2,7f9a1480bb60,0
3,7f9a1480bb96,7f9a149b4040
2,7f9a1480bbc7,0
1,7f9a1480bbc9,7f9a1480bd0d
2,7f9a1480bbb4,7f9a1480bda0
2,7f9a1480bbf0,0
2,7f9a1480bba2,0
2,7f9a1480bc13,7f9a1480bbe6
2,7f9a1480bc1b,0
2,7f9a1480bc47,7f9a1480bc6d
2,7f9a1480bc30,0
1,7f9a1480bc70,7f9a1480bc8e
2,7f9a1480bc7f,0
2,7f9a1480bc93,0
2,7f9a1480bc89,7f9a1480bcc2
2,7f9a1480bcf7,0
2,7f9a1480bca3,7f9a1480bc78
3,7f9a1480bcef,7f9a14857120
2,7f9a1480bd17,7f9a1480bc18
2,7f9a1480bd07,0
1,7f9a1480bd2f,7f9a1480bcec
2,7f9a1480bd2a,0
1,7f9a1480bdc7,7f9a1480bbc4
3,7f9a1480bdc2,7f9a1480acf0
2,7f9a1480bdb1,0
2,7f9a1480bdb9,0
7,7f9a1480bcda,7f9a1480d1ae
2,7f9a1480ad18,7f9a1480ad24
2,7f9a1480ad40,7f9a1480adce
2,7f9a1480ad34,0
2,7f9a1480ad2a,0
1,7f9a1480adf4,7f9a14857210
2,7f9a1480ade0,0
2,7f9a1480aded,0
1,7f9a1480d204,7f9a1480d16d
1,7f9a1498520a,7f9a149850aa
1,7f9a1480d24b,7f9a1480cfdb
1,7f9a1480d229,7f9a1480d1e4
7,7f9a14384e2a,7f9a1480cf8c
3,7f9a1480d6c6,7f9a140ef258
7,7f9a14984fcf,7f9a148c88a0
5,7f9a1480cf89,7f9a14384e20
2,7f9a1480d014,7f9a1480d1a0
2,7f9a1498506e,7f9a1498507a
2,7f9a149850d5,0
2,7f9a1498509f,7f9a149851f8
2,7f9a14985082,0
2,7f9a149850c2,0
2,7f9a149850ec,7f9a149851a0
2,7f9a14985153,0
2,7f9a14985146,0
2,7f9a14985124,7f9a14985137
1,7f9a1480d195,7f9a1480cf83
1,7f9a149851d2,7f9a14985118
2,7f9a1480d193,0
2,7f9a1480d1dd,7f9a1480d209
3,7f9a149851c4,7f9a1471ca00
2,7f9a149851cc,7f9a149851c0
2,7f9a1480d1cd,0
2,7f9a149851b3,0
2,7f9a1480d1ef,7f9a1480d1f9
3,7f9a1480d1a9,7f9a1480bb20
7,7f9a1480d6d7,7f9a144ab565
2,7f9a1480cf74,7f9a1480d190
3,7f9a1480cf69,7f9a140ef258
2,7f9a1480cfd0,7f9a1480d22b
2,7f9a1480cfc0,0
2,7f9a1480cf8e,0
3,7f9a1480cfa6,7f9a1446d480
2,7f9a1480cfe6,7f9a1480cff0
2,7f9a1480cc92,7f9a1480cca0
2,7f9a1480ccf5,0
2,7f9a1480ccf1,0
1,7f9a1480ccf8,7f9a1480acf0
2,7f9a1480ccbb,7f9a1480cce0
2,7f9a1480ccad,0
5,7f9a14985120,7f9a148c4790
7,7f9a14985169,7f9a148c8aef
7,7f9a1480d185,7f9a1436cc92
